{
	"description": "项目配置文件",
	"packOptions": {
		"ignore": []
	},
	"setting": {
		"urlCheck": false,
		"es6": true,
		"postcss": true,
		"minified": true,
		"newFeature": true,
		"autoAudits": false
	},
	"compileType": "miniprogram",
	"libVersion": "2.6.0",
	"appid": "wxebe624143d6f575d",
	"projectname": "%E7%89%A7%E9%B9%A4%E9%BE%99%E5%B0%8F%E7%A8%8B%E5%BA%8F",
	"debugOptions": {
		"hidedInDevtools": []
	},
	"isGameTourist": false,
	"condition": {
		"search": {
			"current": -1,
			"list": []
		},
		"conversation": {
			"current": -1,
			"list": []
		},
		"plugin": {
			"current": -1,
			"list": []
		},
		"game": {
			"currentL": -1,
			"list": []
		},
		"miniprogram": {
			"current": 29,
			"list": [
				{
					"id": -1,
					"name": "cp",
					"pathName": "pages/product/chanpin/chanpin",
					"query": ""
				},
				{
					"id": 1,
					"name": "cpxq",
					"pathName": "pages/product/productDetails/productDetails",
					"query": ""
				},
				{
					"id": -1,
					"name": "zx",
					"pathName": "pages/information/information/information",
					"query": ""
				},
				{
					"id": -1,
					"name": "gwc",
					"pathName": "pages/shoppingTrolley/shoppingTrolley/shoppingTrolley",
					"query": ""
				},
				{
					"id": -1,
					"name": "wd",
					"pathName": "pages/main/main/main",
					"query": ""
				},
				{
					"id": -1,
					"name": "tg",
					"pathName": "pages/main/myPromotion/myPromotion",
					"query": ""
				},
				{
					"id": -1,
					"name": "tgxq",
					"pathName": "pages/main/myPromotion-p/myPromotion-p",
					"query": ""
				},
				{
					"id": -1,
					"name": "yhhb",
					"pathName": "pages/main/favorable/favorable",
					"query": ""
				},
				{
					"id": -1,
					"name": "tgewm",
					"pathName": "pages/main/generalize/generalize",
					"query": ""
				},
				{
					"id": -1,
					"name": "jlsm",
					"pathName": "pages/main/bonus/bonus",
					"query": ""
				},
				{
					"id": -1,
					"name": "ddxq",
					"pathName": "pages/main/orderfrom/orderfrom",
					"query": ""
				},
				{
					"id": -1,
					"name": "ddxq",
					"pathName": "pages/main/lineItem/lineItem",
					"query": ""
				},
				{
					"id": -1,
					"name": "qrdd",
					"pathName": "pages/main/confirmAnOrder/confirmAnOrder",
					"query": ""
				},
				{
					"id": -1,
					"name": "yzhxq",
					"pathName": "pages/main/detailsOfFarmers/detailsOfFarmers",
					"query": ""
				},
				{
					"id": -1,
					"name": "wfwdyzh",
					"pathName": "pages/main/theFarmersIServe/theFarmersIServe",
					"query": ""
				},
				{
					"id": -1,
					"name": "gywm",
					"pathName": "pages/main/aboutUs/aboutUs",
					"query": ""
				},
				{
					"id": -1,
					"name": "sqyzh",
					"pathName": "pages/main/appleyFor/appleyFor",
					"query": ""
				},
				{
					"id": -1,
					"name": "sm",
					"pathName": "pages/main/explain/explain",
					"query": ""
				},
				{
					"id": -1,
					"name": "kfzx",
					"pathName": "pages/main/callCenter/callCenter",
					"query": ""
				},
				{
					"id": 19,
					"name": "shdz",
					"pathName": "pages/main/shippingAddress/shippingAddress",
					"query": "",
					"scene": null
				},
				{
					"id": -1,
					"name": "xzdz",
					"pathName": "pages/main/newAddress/newAddress",
					"query": ""
				},
				{
					"id": -1,
					"name": "yjfk",
					"pathName": "pages/main/feedback/feedback",
					"query": ""
				},
				{
					"id": -1,
					"name": "fkls",
					"pathName": "pages/main/fbHistory/fbHistory",
					"query": ""
				},
				{
					"id": -1,
					"name": "pj",
					"pathName": "pages/main/evaluate/evaluate",
					"query": ""
				},
				{
					"id": -1,
					"name": "zxxq",
					"pathName": "pages/information/information-s/information-s",
					"query": ""
				},
				{
					"id": 25,
					"name": "zxxq",
					"pathName": "pages/information/information-s/information-s",
					"query": "5c735781efbc96000608ba21"
				},
				{
					"id": -1,
					"name": "fkls",
					"pathName": "pages/main/fbHistory/fbHistory",
					"query": "",
					"scene": null
				},
				{
					"id": -1,
					"name": "didqx",
					"pathName": "pages/main/dingdanyemiantiaozhuan/dingdanyemiantiaozhuan",
					"query": "",
					"scene": null
				},
				{
					"id": -1,
					"name": "tkz",
					"pathName": "pages/main/tuikuanzhong/tuikuanzhong",
					"query": "",
					"scene": null
				},
				{
					"id": -1,
					"name": "xrjl",
					"pathName": "pages/main/xrjl/xrjl",
					"scene": null
				}
			]
		}
	}
}